{"cameraMode":{"drawMode":0,"name":"Shaded","section":"Shading Mode"},"sceneLighting":false,"audioPlay":false,"sceneViewState":{"m_AlwaysRefresh":false,"showFog":true,"showSkybox":false,"showFlares":true,"showImageEffects":true,"showParticleSystems":true,"showVisualEffectGraphs":true,"m_FxEnabled":true},"in2DMode":false,"pivot":{"x":-0.5291436910629273,"y":0.19390907883644105,"z":0.27545231580734255},"rotation":{"x":0.043841540813446048,"y":0.9471414089202881,"z":-0.14750899374485017,"w":0.28150323033332827},"size":0.8966503739356995,"orthographic":true}