{"cameraMode":{"drawMode":0,"name":"Shaded","section":"Shading Mode"},"sceneLighting":false,"audioPlay":false,"sceneViewState":{"m_AlwaysRefresh":false,"showFog":true,"showSkybox":false,"showFlares":true,"showImageEffects":true,"showParticleSystems":true,"showVisualEffectGraphs":true,"m_FxEnabled":true},"in2DMode":false,"pivot":{"x":-0.010083183646202088,"y":-0.11767694354057312,"z":-0.0016617774963378907},"rotation":{"x":0.03449451923370361,"y":-0.2852882742881775,"z":0.010274815373122692,"w":0.9577664136886597},"size":0.2901347577571869,"orthographic":true}