{"cameraMode":{"drawMode":0,"name":"Shaded","section":"Shading Mode"},"sceneLighting":true,"audioPlay":false,"sceneViewState":{"m_AlwaysRefresh":false,"showFog":true,"showSkybox":true,"showFlares":true,"showImageEffects":true,"showParticleSystems":true,"showVisualEffectGraphs":true,"m_FxEnabled":true},"in2DMode":false,"pivot":{"x":-16.34621238708496,"y":31.773456573486329,"z":-21.580904006958009},"rotation":{"x":0.06706594675779343,"y":-0.9079972505569458,"z":0.15960554778575898,"w":0.38153859972953799},"size":1.5696545839309693,"orthographic":true}