{"cameraMode":{"drawMode":0,"name":"Shaded","section":"Shading Mode"},"sceneLighting":true,"audioPlay":false,"sceneViewState":{"m_AlwaysRefresh":false,"showFog":true,"showSkybox":true,"showFlares":true,"showImageEffects":true,"showParticleSystems":true,"showVisualEffectGraphs":true,"m_FxEnabled":true},"in2DMode":false,"pivot":{"x":7.70590353012085,"y":6.798411846160889,"z":2.563235282897949},"rotation":{"x":0.05732518434524536,"y":-0.9348636865615845,"z":0.17736844718456269,"w":0.30214083194732668},"size":0.09901362657546997,"orthographic":false}