{"cameraMode":{"drawMode":0,"name":"Shaded","section":"Shading Mode"},"sceneLighting":false,"audioPlay":false,"sceneViewState":{"m_AlwaysRefresh":false,"showFog":true,"showSkybox":false,"showFlares":true,"showImageEffects":true,"showParticleSystems":true,"showVisualEffectGraphs":true,"m_FxEnabled":true},"in2DMode":false,"pivot":{"x":-0.0008476376533508301,"y":0.20743370056152345,"z":-0.015005549415946007},"rotation":{"x":0.024506423622369767,"y":-0.419350802898407,"z":0.011325241066515446,"w":0.9074236154556274},"size":0.3166564106941223,"orthographic":true}